{"cameraMode":{"drawMode":2,"name":"Shaded Wireframe","section":"Shading Mode"},"sceneLighting":true,"audioPlay":false,"sceneViewState":{"m_AlwaysRefresh":false,"showFog":true,"showSkybox":true,"showFlares":true,"showImageEffects":true,"showParticleSystems":true,"showVisualEffectGraphs":true,"m_FxEnabled":true},"in2DMode":false,"pivot":{"x":96.61250305175781,"y":-15.727928161621094,"z":104.18833923339844},"rotation":{"x":0.0012178173055872322,"y":0.9514002203941345,"z":-0.30876290798187258,"w":0.000909486785531044},"size":63.264984130859378,"orthographic":false}